追踪编号,结果,校验,PDF,备注
1ZK3526F6818647950,已下载PDF,是,1ZK3526F6818647950.pdf,OK
1ZK3526F6802909947,已下载PDF,是,1ZK3526F6802909947.pdf,OK
1ZK3526F6805777996,已下载PDF,是,1ZK3526F6805777996.pdf,OK
1ZK3526F6805945812,已下载PDF,是,1ZK3526F6805945812.pdf,OK
1ZK3526F6810501737,已下载PDF,是,1ZK3526F6810501737.pdf,OK
1ZK3526F6811184427,已下载PDF,是,1ZK3526F6811184427.pdf,OK
1ZK3526F6811729375,已下载PDF,是,1ZK3526F6811729375.pdf,OK
1ZK3526F6812839763,已下载PDF,是,1ZK3526F6812839763.pdf,OK
1ZK3526F6813178716,已下载PDF,是,1ZK3526F6813178716.pdf,OK
1ZK3526F6815215903,已下载PDF,是,1ZK3526F6815215903.pdf,OK
1ZK3526F6818280784,已下载PDF,是,1ZK3526F6818280784.pdf,OK
1ZK3526F6819286893,已下载PDF,是,1ZK3526F6819286893.pdf,OK
1ZK3526F6819425009,已下载PDF,是,1ZK3526F6819425009.pdf,OK
1ZK3526F6819819325,已下载PDF,是,1ZK3526F6819819325.pdf,OK
